Logitech Comfort Wireless Combo Keyboard and Mouse, Keyboard and Mouse Combo, 49.97, K12, Electronics
Case Logic WUXS115 Huxton 15.6" Laptop Sleeve, Blue, 18.48, K13, Electronics
Targus Laptop Bag, Black 15.6" Classic Slim Briefcase Messenger Bag, 24.98, K13, Electronics
Logitech Mouse, Compact Wireless Mouse, 14.88, K12, Electronics
Magic Mixies Magical Misting Cauldron, Exclusive Interactive 8 inch Rainbow Plush Toy and 50+ Sounds and Reactions, 45.00, L6, Toys
Bluey Extended Heeler Family Pack, Figures, 27.97, L3, Toys
Beyblade Burst Pro Series Evo Elite Champions Pro Set, Battle Game Set with Beystadium, 30.00, L11, Toys
Catan Strategy Board Game, 5th Edition, 29.97, L8, Toys
Jim Beam Deluxe BBQ Set, One BBQ Tongs One Silicone Basting Brush and One Metal JIm Beam Branded Seasoning Shaker, 11.98, F7, Food
Hickory Farms Holiday Meat & Cheese Sampler Gift Box, 9.25 oz, 9.98, F3, Food
Ghirardelli Gold Glitter Sleigh Chocolate Gift Basket, 14.98, F7, Food
Frito-Lay Flamin' Hot Mix Variety Pack, 18 Count, 10.98, A19, Food
Pawz by Bearpaw Women's, Amelia II Suede Ankle Boot, 20.00, J25, Clothing
Toddler Character Pajamas, 2-Piece Sizes 12M-5T, 7.00, BK5, Clothing
Hanes Men's Woven Boxers, 3 Pack, 10.98, D32, Clothing
Protege Rolling Backpack with Telescopic Handle, 22" Black, 45.88, H50, Clothing
Time and Tru Women's Sweatshirt, Black Soot, 10.00, B18, Clothing
iHome AutoVac Luna, 2-in-1 Robot Vacuum and Vibrating Mop with Front Laser Navigation Strong Suction & App Control, 169.00, H54, Home
The Pioneer Woman Boots in Lights, Full Size Holiday Ceramic Fragrance Warmer, 17.88, H1, Home
Ninja® Professional Blender, 72 oz.* XL Total Crushing® Pitcher, 50.00, H25, Home
Keurig K-Supreme, Single Serve K-Cup Pod Coffee Maker, 99.00, H30, Home
HART Mechanics Tool Set, 215-Piece, 98.00, I15, Home Improvement
Monster LED, 5 Piece Sound Reactive Multi-color Indoor LED Light Kit 2 Light bars, 19.88, K8, Home Improvement
Hyper Tough Rolling Tool Chest & Cabinet Combo, 20-In 5-Drawer with Riser, 99.00, I22, Home Improvement
Primo Water Dispenser, Top Loading Hot Cold Temperature, 79.00, Z42, Home Improvement
Sharpie Permanent Marker Spinner Pack, Assorted Colors + 1 Mystery Color, 12.00, MD14, Arts Crafts & Sewing
Made By Me Mix & Mold Stepping Stones, Create, design and personalize four stepping stones, 9.97, F29, Arts Crafts & Sewing
Scotch Gift Wrap Tape Dispenser, 3/4 in. x 500 in. 1 Dispenser 500 in. Total Length, 3.24, F34, Arts Crafts & Sewing
Just My Style Color Your Own Water Bottle, Pre-Designed 6+, 9.97, MD11, Arts Crafts & Sewing
Evenflo Mylar Gray Omni Plus Modular Travel System, with LiteMax Sport Rear-Facing Infant Car Seat, 179.00, E27, Baby
Graco TrioGrow SnugLock, 3-in-1 Car Seat, 149.97, E9, Baby
Bright Starts Disney Baby Minnie Mouse PeekABoo Activity Jumper Infant Bouncer, with Lights, 76.99, E7, Baby
Baby Relax Jackson Kids Wood Toddler Bed, with Safety Guardrails, 65.00, E10, Baby
Mainstays 48000 BTU Propane Gas Outdoor Freestanding Patio Heater, Black Powder Coat Finish, 97.00, Y4, Patio & Garden
Mainstays Owen Park, 28 inch Round Wood Burning Fire Pit, 44.00, Y4, Patio & Garden
Expert Grill BBQ Gloves, 14" Insulated Heat Resistant Leather, 8.88, Y2, Patio & Garden
Expert Gardener Nozzle, Heavy-Duty Metal 8-Pattern Watering, 2.84, Y3, Patio & Garden
Oral-B iO Series 3 Electric Toothbrush, with (1) Brush Heads Rechargeable, 49.94, G15, Personal Care
Homedics Bubble Bliss® Deluxe Foot Spa, Surrounds Your Feet with Massaging Bubbles, 19.98, F8, Personal Care
Philips Norelco Oneblade, Face + Body Hybrid Electric Trimmer and Shaver, 39.96, G17, Personal Care
Miracle Foot Repair Cream, from Miracle of Aloe, 10.24, G8, Personal Care
Echelon Sport Exercise Rower, with Magnetic Resistance + 30 Day Free Membership Trial, 297.00, L16, Sports & Outdoors
NBA Portable Basketball Hoop, 50" with Polycarbonate Backboard, 198.00, GM12, Sports & Outdoors
Mr. Heater Portable Buddy, 9000 BTU Propane Heater MH9BX, 74.00, L19, Sports & Outdoors
Coleman 316 Series, 120Qt Hard Chest Cooler, 78.00, L23, Sports & Outdoors
Vibrant Life Training Pads, XXL, 30 in x 36 in 40 Count, 24.98, J17, Pets
GREENIES Dog Supplements, Chicken Flavor for Immune Health Soft Chew Treats, 10.48, J17, Pets
Vibrant Life Hideaway Xmas Tree, Small Cat / Dog Bed, 19.97, BK4, Pets
ScoopFree Classic, Self-Cleaning Litter Box - No Scooping Required - Unbeatable Odor Control, 109.00, J17, Pets
Holiday Cat Treats Variety Pack, Fancy Feast Savory Cravings & Friskies Party Mix, 8.98, F9, Pets
